[
  {
    "logging_page_id":"profilePage_1343209534",
    "user":{
      "username":"markovorster",
      "country_block":false,
      "connected_fb_page":null,
      "follows_viewer":false,
      "follows":{
        "count":987
      },
      "requested_by_viewer":false,
      "followed_by":{
        "count":474
      },
      "external_url_linkshimmed":null,
      "has_requested_viewer":false,
      "followed_by_viewer":false,
      "has_blocked_viewer":false,
      "profile_pic_url_hd":"https://scontent-ams3-1.cdninstagram.com/t51.2885-19/s320x320/15876613_1354918574529076_1048342212045176832_a.jpg",
      "profile_pic_url":"https://scontent-ams3-1.cdninstagram.com/t51.2885-19/s150x150/15876613_1354918574529076_1048342212045176832_a.jpg",
      "biography":"Slave of Architecture. South African. 23.\nNot a photographer. Newborn in His relentless love.",
      "full_name":"Marko Vorster",
      "media":{
        "count":190,
        "page_info":{
          "end_cursor":"AQDk9bqtGEuRkwefx7cgIbU6ccLH-Vt-xhPceudnY_G1FRre6u4qdW526RYvmI6jEMVBngXO8aDG6dmBLcKuqNXqBjG5x4Jnqv6JNJU7HIv32fQc7rPKhc-uTkjikIwWx-A",
          "has_next_page":true
        },
        "nodes":[
          {
            "code":"BQSUExWAgMd",
            "dimensions":{
              "width":1080,
              "height":720
            },
            "caption":"\"The truth does not change according to our ability to stomach it\" - Flannery O'Connor \n#justgoshoot #sunset #SA #quotes #moods #canon #canonsa",
            "comments_disabled":false,
            "__typename":"GraphImage",
            "comments":{
              "count":1
            },
            "date":1486633218,
            "likes":{
              "count":50
            },
            "owner":{
              "id":"1343209534"
            },
            "thumbnail_src":"https://scontent-ams3-1.cdninstagram.com/t51.2885-15/s640x640/sh0.08/e35/c180.0.720.720/16583693_233674137040718_7943479638141960192_n.jpg?ig_cache_key=MTQ0NjMwNjcxOTEzMDA1OTU0OQ%3D%3D.2.c",
            "is_video":false,
            "id":"1446306719130059549",
            "display_src":"https://scontent-ams3-1.cdninstagram.com/t51.2885-15/e35/16583693_233674137040718_7943479638141960192_n.jpg?ig_cache_key=MTQ0NjMwNjcxOTEzMDA1OTU0OQ%3D%3D.2"
          },
          {
            "code":"BQNqY0TAwes",
            "dimensions":{
              "width":1080,
              "height":918
            },
            "caption":"You're surrounded by utter beauty, just remember to look up every once in a while. #nightphotography #moon #canon #canonsa #snapseed #instragramsa #goshoot #nature #s\u00e5",
            "comments_disabled":false,
            "__typename":"GraphImage",
            "comments":{
              "count":2
            },
            "date":1486477144,
            "likes":{
              "count":41
            },
            "owner":{
              "id":"1343209533"
            },
            "thumbnail_src":"https://scontent-ams3-1.cdninstagram.com/t51.2885-15/s640x640/sh0.08/e35/c81.0.918.918/16585204_391208701257464_3381668476467806208_n.jpg?ig_cache_key=MTQ0NDk5NzQ3ODgzMDI0NTgwNA%3D%3D.2.c",
            "is_video":false,
            "id":"1444997478830245804",
            "display_src":"https://scontent-ams3-1.cdninstagram.com/t51.2885-15/e35/16585204_391208701257464_3381668476467806208_n.jpg?ig_cache_key=MTQ0NDk5NzQ3ODgzMDI0NTgwNA%3D%3D.2"
          },
          {
            "code":"BO5ZKGDBc5Q",
            "dimensions":{
              "width":1080,
              "height":720
            },
            "caption":"Nothing quite like living beautifully! #vaalriver #goshoot #traveller #sunsets #adventure #latergram #funtimes",
            "comments_disabled":false,
            "__typename":"GraphImage",
            "comments":{
              "count":3
            },
            "date":1483649538,
            "likes":{
              "count":63
            },
            "owner":{
              "id":"1343209533"
            },
            "thumbnail_src":"https://scontent-ams3-1.cdninstagram.com/t51.2885-15/s640x640/sh0.08/e35/c180.0.720.720/15875679_614171255436847_3308989237453389824_n.jpg?ig_cache_key=MTQyMTI3NzgwMjI2MjgxMDE5Mg%3D%3D.2.c",
            "is_video":false,
            "id":"1421277802262810192",
            "display_src":"https://scontent-ams3-1.cdninstagram.com/t51.2885-15/e35/15875679_614171255436847_3308989237453389824_n.jpg?ig_cache_key=MTQyMTI3NzgwMjI2MjgxMDE5Mg%3D%3D.2"
          },
          {
            "code":"BO5T1OohcWi",
            "dimensions":{
              "width":1080,
              "height":790
            },
            "caption":"Biggest challenges I've had to face last year were to \"Accept\" and \"Survive\", as well as taking everyday, whether it be good or bad, as a form of shaping. It's definitely an emotionally taxing task facing that true form of yourself each day, but what makes it worth it is that fact that it's YOU who get's to do this. #goshoot #latergram #ocean #solo #roadtrip #traveller #acceptance #snapseed",
            "comments_disabled":false,
            "__typename":"GraphImage",
            "comments":{
              "count":0
            },
            "date":1483646746,
            "likes":{
              "count":42
            },
            "owner":{
              "id":"1343209534"
            },
            "thumbnail_src":"https://scontent-ams3-1.cdninstagram.com/t51.2885-15/s640x640/sh0.08/e35/c145.0.790.790/15624265_1025754660886839_454643681513701376_n.jpg?ig_cache_key=MTQyMTI1NDM3ODE0MDMyMTE4Ng%3D%3D.2.c",
            "is_video":false,
            "id":"1421254378140321186",
            "display_src":"https://scontent-ams3-1.cdninstagram.com/t51.2885-15/e35/15624265_1025754660886839_454643681513701376_n.jpg?ig_cache_key=MTQyMTI1NDM3ODE0MDMyMTE4Ng%3D%3D.2"
          },
          {
            "code":"BO5FxHVh2Wy",
            "dimensions":{
              "width":1080,
              "height":720
            },
            "caption":"Sometimes you've just got to stop and take in a breath of your surroundings #latergram #goshoot #canon #naturephotography #nature #snapseed #traveller #roadtrip",
            "comments_disabled":false,
            "__typename":"GraphImage",
            "comments":{
              "count":2
            },
            "date":1483639372,
            "likes":{
              "count":43
            },
            "owner":{
              "id":"1343209533"
            },
            "thumbnail_src":"https://scontent-ams3-1.cdninstagram.com/t51.2885-15/s640x640/sh0.08/e35/c180.0.720.720/15803261_223011644823862_5424682289147674624_n.jpg",
            "is_video":false,
            "id":"1421192522776405426",
            "display_src":"https://scontent-ams3-1.cdninstagram.com/t51.2885-15/e35/15803261_223011644823862_5424682289147674624_n.jpg"
          },
          {
            "code":"BO5EMzwBbLd",
            "dimensions":{
              "width":1080,
              "height":720
            },
            "caption":"You never know what you might find off the beaten track. #goshoot #traveller #roadtrip #snapseed #SA #latergram #nature #naturephotography",
            "comments_disabled":false,
            "__typename":"GraphImage",
            "comments":{
              "count":1
            },
            "date":1483638550,
            "likes":{
              "count":35
            },
            "owner":{
              "id":"1343209533"
            },
            "thumbnail_src":"https://scontent-ams3-1.cdninstagram.com/t51.2885-15/s640x640/sh0.08/e35/c180.0.720.720/15624670_583823028470339_2026711285055356928_n.jpg?ig_cache_key=MTQyMTE4NTYyOTc5ODM4MDI1Mw%3D%3D.2.c",
            "is_video":false,
            "id":"1421185629798380253",
            "display_src":"https://scontent-ams3-1.cdninstagram.com/t51.2885-15/e35/15624670_583823028470339_2026711285055356928_n.jpg?ig_cache_key=MTQyMTE4NTYyOTc5ODM4MDI1Mw%3D%3D.2"
          },
          {
            "code":"BO5D1FHByCT",
            "dimensions":{
              "width":1080,
              "height":720
            },
            "caption":"A little sight I stumbled across whilst roadtripping to Port Shepstone #latergram #snapseed #sunrise #roadtrip #traveller",
            "comments_disabled":false,
            "__typename":"GraphImage",
            "comments":{
              "count":0
            },
            "date":1483638356,
            "likes":{
              "count":32
            },
            "owner":{
              "id":"1343209533"
            },
            "thumbnail_src":"https://scontent-ams3-1.cdninstagram.com/t51.2885-15/s640x640/sh0.08/e35/c180.0.720.720/14583364_131971310635994_4581960803174842368_n.jpg?ig_cache_key=MTQyMTE4Mzk5OTE3MDUxOTE4Nw%3D%3D.2.c",
            "is_video":false,
            "id":"1421183999170519187",
            "display_src":"https://scontent-ams3-1.cdninstagram.com/t51.2885-15/e35/14583364_131971310635994_4581960803174842368_n.jpg?ig_cache_key=MTQyMTE4Mzk5OTE3MDUxOTE4Nw%3D%3D.2"
          },
          {
            "code":"BOfgPREhr8I",
            "dimensions":{
              "width":1080,
              "height":1350
            },
            "caption":"Fire on the beach. Starry night. Happiness. #beaches #fires #solo #beachside #southafrica #happiness #snapseed #travelling",
            "comments_disabled":false,
            "__typename":"GraphImage",
            "comments":{
              "count":2
            },
            "date":1482780835,
            "likes":{
              "count":45
            },
            "owner":{
              "id":"1343209533"
            },
            "thumbnail_src":"https://scontent-ams3-1.cdninstagram.com/t51.2885-15/s640x640/sh0.08/e35/c0.135.1080.1080/15625300_351440928568005_8889001673150693376_n.jpg?ig_cache_key=MTQxMzk5MDU5NDYyNzY4MjA1Ng%3D%3D.2.c",
            "is_video":false,
            "id":"1413990594627682056",
            "display_src":"https://scontent-ams3-1.cdninstagram.com/t51.2885-15/e35/15625300_351440928568005_8889001673150693376_n.jpg?ig_cache_key=MTQxMzk5MDU5NDYyNzY4MjA1Ng%3D%3D.2"
          },
          {
            "code":"BOcvmdIBq7p",
            "dimensions":{
              "width":1080,
              "height":1080
            },
            "caption":"Just another beach photo... #beaches #beachside #traveller #travelling #seaside #snapseed #hdr #spotbackpackers",
            "comments_disabled":false,
            "__typename":"GraphImage",
            "comments":{
              "count":2
            },
            "date":1482688226,
            "likes":{
              "count":41
            },
            "owner":{
              "id":"1343209533"
            },
            "thumbnail_src":"https://scontent-ams3-1.cdninstagram.com/t51.2885-15/s640x640/sh0.08/e35/15538113_1363291437035550_2467806638262714368_n.jpg?ig_cache_key=MTQxMzIxMzczMzg4Njc5OTU5Mw%3D%3D.2",
            "is_video":false,
            "id":"1413213733886799593",
            "display_src":"https://scontent-ams3-1.cdninstagram.com/t51.2885-15/e35/15538113_1363291437035550_2467806638262714368_n.jpg?ig_cache_key=MTQxMzIxMzczMzg4Njc5OTU5Mw%3D%3D.2"
          },
          {
            "code":"BOW-qNUB-qW",
            "dimensions":{
              "width":1080,
              "height":565
            },
            "caption":"So many \"beaches\" around *wink wink* #destinationdurban #beachside #beaches #traveling #roadtrips #somanyhashtags",
            "comments_disabled":false,
            "__typename":"GraphImage",
            "comments":{
              "count":3
            },
            "date":1482494795,
            "likes":{
              "count":34
            },
            "owner":{
              "id":"1343209533"
            },
            "thumbnail_src":"https://scontent-ams3-1.cdninstagram.com/t51.2885-15/e35/c257.0.565.565/15534613_1375273205839733_3518251163784839168_n.jpg?ig_cache_key=MTQxMTU5MTExMjYyMzY0NzM4Mg%3D%3D.2.c",
            "is_video":false,
            "id":"1411591112623647382",
            "display_src":"https://scontent-ams3-1.cdninstagram.com/t51.2885-15/e35/15534613_1375273205839733_3518251163784839168_n.jpg?ig_cache_key=MTQxMTU5MTExMjYyMzY0NzM4Mg%3D%3D.2"
          },
          {
            "code":"BOU15yihVzq",
            "dimensions":{
              "width":1080,
              "height":810
            },
            "caption":"Sundowners? Sure? But where's the sun? #durban #destinationdurban #roadtrips #sundowners #views #snapseed",
            "comments_disabled":false,
            "__typename":"GraphImage",
            "comments":{
              "count":1
            },
            "date":1482423095,
            "likes":{
              "count":20
            },
            "owner":{
              "id":"1343209533"
            },
            "thumbnail_src":"https://scontent-ams3-1.cdninstagram.com/t51.2885-15/s640x640/sh0.08/e35/c135.0.810.810/15534949_1752010961792352_3809100473554698240_n.jpg?ig_cache_key=MTQxMDk4OTY1MTAxNTMyNjk1NA%3D%3D.2.c",
            "is_video":false,
            "id":"1410989651015326954",
            "display_src":"https://scontent-ams3-1.cdninstagram.com/t51.2885-15/e35/15534949_1752010961792352_3809100473554698240_n.jpg?ig_cache_key=MTQxMDk4OTY1MTAxNTMyNjk1NA%3D%3D.2"
          },
          {
            "code":"BOUieH4BJCH",
            "dimensions":{
              "width":1080,
              "height":1080
            },
            "caption":"Go to the beach they said, it'll be fun they said. You were right I said. #destinationdurban #roadtrips #solotrips #oneman #beachside#beach #sea #durban",
            "comments_disabled":false,
            "__typename":"GraphImage",
            "comments":{
              "count":0
            },
            "date":1482412907,
            "likes":{
              "count":24
            },
            "owner":{
              "id":"1343209533"
            },
            "thumbnail_src":"https://scontent-ams3-1.cdninstagram.com/t51.2885-15/s640x640/sh0.08/e35/15538484_1314596338607224_2259034411217453056_n.jpg",
            "is_video":false,
            "id":"1410904186895503495",
            "display_src":"https://scontent-ams3-1.cdninstagram.com/t51.2885-15/e35/15538484_1314596338607224_2259034411217453056_n.jpg"
          }
        ]
      },
      "blocked_by_viewer":false,
      "is_verified":false,
      "id":"1343209533",
      "is_private":false,
      "external_url":null
    }
  },
  {
    "logging_page_id":"profilePage_1343209533",
    "user":{
      "username":"juliette__rpt",
      "country_block":false,
      "connected_fb_page":null,
      "follows_viewer":false,
      "follows":{
        "count":87
      },
      "requested_by_viewer":false,
      "followed_by":{
        "count":1474
      },
      "external_url_linkshimmed":null,
      "has_requested_viewer":false,
      "followed_by_viewer":false,
      "has_blocked_viewer":false,
      "profile_pic_url_hd":"https://scontent-ams3-1.cdninstagram.com/t51.2885-19/s320x320/15876613_1354918574529076_1048342212045176832_a.jpg",
      "profile_pic_url":"https://scontent-ams3-1.cdninstagram.com/t51.2885-19/s150x150/15056753_1669382579989140_7987628800978452480_a.jpg",
      "biography":"Slave of Architecture. South African. 23.\nNot a photographer. Newborn in His relentless love.",
      "full_name":"J U L I E T T E",
      "media":{
        "count":190,
        "page_info":{
          "end_cursor":"AQDk9bqtGEuRkwefx7cgIbU6ccLH-Vt-xhPceudnY_G1FRre6u4qdW526RYvmI6jEMVBngXO8aDG6dmBLcKuqNXqBjG5x4Jnqv6JNJU7HIv32fQc7rPKhc-uTkjikIwWx-A",
          "has_next_page":true
        },
        "nodes":[
          {
            "code":"BQSUExWAgMd",
            "dimensions":{
              "width":1080,
              "height":720
            },
            "caption":"\"The truth does not change according to our ability to stomach it\" - Flannery O'Connor \n#justgoshoot #sunset #SA #quotes #moods #canon #canonsa",
            "comments_disabled":false,
            "__typename":"GraphImage",
            "comments":{
              "count":1
            },
            "date":1486633218,
            "likes":{
              "count":50
            },
            "owner":{
              "id":"1343209534"
            },
            "thumbnail_src":"https://scontent-ams3-1.cdninstagram.com/t51.2885-15/s640x640/sh0.08/e35/c180.0.720.720/16583693_233674137040718_7943479638141960192_n.jpg?ig_cache_key=MTQ0NjMwNjcxOTEzMDA1OTU0OQ%3D%3D.2.c",
            "is_video":false,
            "id":"1446306719130059549",
            "display_src":"https://scontent-ams3-1.cdninstagram.com/t51.2885-15/e35/16583693_233674137040718_7943479638141960192_n.jpg?ig_cache_key=MTQ0NjMwNjcxOTEzMDA1OTU0OQ%3D%3D.2"
          },
          {
            "code":"BQNqY0TAwes",
            "dimensions":{
              "width":1080,
              "height":918
            },
            "caption":"You're surrounded by utter beauty, just remember to look up every once in a while. #nightphotography #moon #canon #canonsa #snapseed #instragramsa #goshoot #nature #s\u00e5",
            "comments_disabled":false,
            "__typename":"GraphImage",
            "comments":{
              "count":2
            },
            "date":1486477144,
            "likes":{
              "count":41
            },
            "owner":{
              "id":"1343209533"
            },
            "thumbnail_src":"https://scontent-ams3-1.cdninstagram.com/t51.2885-15/s640x640/sh0.08/e35/c81.0.918.918/16585204_391208701257464_3381668476467806208_n.jpg?ig_cache_key=MTQ0NDk5NzQ3ODgzMDI0NTgwNA%3D%3D.2.c",
            "is_video":false,
            "id":"1444997478830245804",
            "display_src":"https://scontent-ams3-1.cdninstagram.com/t51.2885-15/e35/16585204_391208701257464_3381668476467806208_n.jpg?ig_cache_key=MTQ0NDk5NzQ3ODgzMDI0NTgwNA%3D%3D.2"
          },
          {
            "code":"BO5ZKGDBc5Q",
            "dimensions":{
              "width":1080,
              "height":720
            },
            "caption":"Nothing quite like living beautifully! #vaalriver #goshoot #traveller #sunsets #adventure #latergram #funtimes",
            "comments_disabled":false,
            "__typename":"GraphImage",
            "comments":{
              "count":3
            },
            "date":1483649538,
            "likes":{
              "count":63
            },
            "owner":{
              "id":"1343209533"
            },
            "thumbnail_src":"https://scontent-ams3-1.cdninstagram.com/t51.2885-15/s640x640/sh0.08/e35/c180.0.720.720/15875679_614171255436847_3308989237453389824_n.jpg?ig_cache_key=MTQyMTI3NzgwMjI2MjgxMDE5Mg%3D%3D.2.c",
            "is_video":false,
            "id":"1421277802262810192",
            "display_src":"https://scontent-ams3-1.cdninstagram.com/t51.2885-15/e35/15875679_614171255436847_3308989237453389824_n.jpg?ig_cache_key=MTQyMTI3NzgwMjI2MjgxMDE5Mg%3D%3D.2"
          },
          {
            "code":"BO5T1OohcWi",
            "dimensions":{
              "width":1080,
              "height":790
            },
            "caption":"Biggest challenges I've had to face last year were to \"Accept\" and \"Survive\", as well as taking everyday, whether it be good or bad, as a form of shaping. It's definitely an emotionally taxing task facing that true form of yourself each day, but what makes it worth it is that fact that it's YOU who get's to do this. #goshoot #latergram #ocean #solo #roadtrip #traveller #acceptance #snapseed",
            "comments_disabled":false,
            "__typename":"GraphImage",
            "comments":{
              "count":0
            },
            "date":1483646746,
            "likes":{
              "count":42
            },
            "owner":{
              "id":"1343209533"
            },
            "thumbnail_src":"https://scontent-ams3-1.cdninstagram.com/t51.2885-15/s640x640/sh0.08/e35/c145.0.790.790/15624265_1025754660886839_454643681513701376_n.jpg?ig_cache_key=MTQyMTI1NDM3ODE0MDMyMTE4Ng%3D%3D.2.c",
            "is_video":false,
            "id":"1421254378140321186",
            "display_src":"https://scontent-ams3-1.cdninstagram.com/t51.2885-15/e35/15624265_1025754660886839_454643681513701376_n.jpg?ig_cache_key=MTQyMTI1NDM3ODE0MDMyMTE4Ng%3D%3D.2"
          },
          {
            "code":"BO5FxHVh2Wy",
            "dimensions":{
              "width":1080,
              "height":720
            },
            "caption":"Sometimes you've just got to stop and take in a breath of your surroundings #latergram #goshoot #canon #naturephotography #nature #snapseed #traveller #roadtrip",
            "comments_disabled":false,
            "__typename":"GraphImage",
            "comments":{
              "count":2
            },
            "date":1483639372,
            "likes":{
              "count":43
            },
            "owner":{
              "id":"1343209533"
            },
            "thumbnail_src":"https://scontent-ams3-1.cdninstagram.com/t51.2885-15/s640x640/sh0.08/e35/c180.0.720.720/15803261_223011644823862_5424682289147674624_n.jpg",
            "is_video":false,
            "id":"1421192522776405426",
            "display_src":"https://scontent-ams3-1.cdninstagram.com/t51.2885-15/e35/15803261_223011644823862_5424682289147674624_n.jpg"
          },
          {
            "code":"BO5EMzwBbLd",
            "dimensions":{
              "width":1080,
              "height":720
            },
            "caption":"You never know what you might find off the beaten track. #goshoot #traveller #roadtrip #snapseed #SA #latergram #nature #naturephotography",
            "comments_disabled":false,
            "__typename":"GraphImage",
            "comments":{
              "count":1
            },
            "date":1483638550,
            "likes":{
              "count":35
            },
            "owner":{
              "id":"1343209533"
            },
            "thumbnail_src":"https://scontent-ams3-1.cdninstagram.com/t51.2885-15/s640x640/sh0.08/e35/c180.0.720.720/15624670_583823028470339_2026711285055356928_n.jpg?ig_cache_key=MTQyMTE4NTYyOTc5ODM4MDI1Mw%3D%3D.2.c",
            "is_video":false,
            "id":"1421185629798380253",
            "display_src":"https://scontent-ams3-1.cdninstagram.com/t51.2885-15/e35/15624670_583823028470339_2026711285055356928_n.jpg?ig_cache_key=MTQyMTE4NTYyOTc5ODM4MDI1Mw%3D%3D.2"
          },
          {
            "code":"BO5D1FHByCT",
            "dimensions":{
              "width":1080,
              "height":720
            },
            "caption":"A little sight I stumbled across whilst roadtripping to Port Shepstone #latergram #snapseed #sunrise #roadtrip #traveller",
            "comments_disabled":false,
            "__typename":"GraphImage",
            "comments":{
              "count":0
            },
            "date":1483638356,
            "likes":{
              "count":32
            },
            "owner":{
              "id":"1343209533"
            },
            "thumbnail_src":"https://scontent-ams3-1.cdninstagram.com/t51.2885-15/s640x640/sh0.08/e35/c180.0.720.720/14583364_131971310635994_4581960803174842368_n.jpg?ig_cache_key=MTQyMTE4Mzk5OTE3MDUxOTE4Nw%3D%3D.2.c",
            "is_video":false,
            "id":"1421183999170519187",
            "display_src":"https://scontent-ams3-1.cdninstagram.com/t51.2885-15/e35/14583364_131971310635994_4581960803174842368_n.jpg?ig_cache_key=MTQyMTE4Mzk5OTE3MDUxOTE4Nw%3D%3D.2"
          },
          {
            "code":"BOfgPREhr8I",
            "dimensions":{
              "width":1080,
              "height":1350
            },
            "caption":"Fire on the beach. Starry night. Happiness. #beaches #fires #solo #beachside #southafrica #happiness #snapseed #travelling",
            "comments_disabled":false,
            "__typename":"GraphImage",
            "comments":{
              "count":2
            },
            "date":1482780835,
            "likes":{
              "count":45
            },
            "owner":{
              "id":"1343209533"
            },
            "thumbnail_src":"https://scontent-ams3-1.cdninstagram.com/t51.2885-15/s640x640/sh0.08/e35/c0.135.1080.1080/15625300_351440928568005_8889001673150693376_n.jpg?ig_cache_key=MTQxMzk5MDU5NDYyNzY4MjA1Ng%3D%3D.2.c",
            "is_video":false,
            "id":"1413990594627682056",
            "display_src":"https://scontent-ams3-1.cdninstagram.com/t51.2885-15/e35/15625300_351440928568005_8889001673150693376_n.jpg?ig_cache_key=MTQxMzk5MDU5NDYyNzY4MjA1Ng%3D%3D.2"
          },
          {
            "code":"BOcvmdIBq7p",
            "dimensions":{
              "width":1080,
              "height":1080
            },
            "caption":"Just another beach photo... #beaches #beachside #traveller #travelling #seaside #snapseed #hdr #spotbackpackers",
            "comments_disabled":false,
            "__typename":"GraphImage",
            "comments":{
              "count":2
            },
            "date":1482688226,
            "likes":{
              "count":41
            },
            "owner":{
              "id":"1343209533"
            },
            "thumbnail_src":"https://scontent-ams3-1.cdninstagram.com/t51.2885-15/s640x640/sh0.08/e35/15538113_1363291437035550_2467806638262714368_n.jpg?ig_cache_key=MTQxMzIxMzczMzg4Njc5OTU5Mw%3D%3D.2",
            "is_video":false,
            "id":"1413213733886799593",
            "display_src":"https://scontent-ams3-1.cdninstagram.com/t51.2885-15/e35/15538113_1363291437035550_2467806638262714368_n.jpg?ig_cache_key=MTQxMzIxMzczMzg4Njc5OTU5Mw%3D%3D.2"
          },
          {
            "code":"BOW-qNUB-qW",
            "dimensions":{
              "width":1080,
              "height":565
            },
            "caption":"So many \"beaches\" around *wink wink* #destinationdurban #beachside #beaches #traveling #roadtrips #somanyhashtags",
            "comments_disabled":false,
            "__typename":"GraphImage",
            "comments":{
              "count":3
            },
            "date":1482494795,
            "likes":{
              "count":34
            },
            "owner":{
              "id":"1343209533"
            },
            "thumbnail_src":"https://scontent-ams3-1.cdninstagram.com/t51.2885-15/e35/c257.0.565.565/15534613_1375273205839733_3518251163784839168_n.jpg?ig_cache_key=MTQxMTU5MTExMjYyMzY0NzM4Mg%3D%3D.2.c",
            "is_video":false,
            "id":"1411591112623647382",
            "display_src":"https://scontent-ams3-1.cdninstagram.com/t51.2885-15/e35/15534613_1375273205839733_3518251163784839168_n.jpg?ig_cache_key=MTQxMTU5MTExMjYyMzY0NzM4Mg%3D%3D.2"
          },
          {
            "code":"BOU15yihVzq",
            "dimensions":{
              "width":1080,
              "height":810
            },
            "caption":"Sundowners? Sure? But where's the sun? #durban #destinationdurban #roadtrips #sundowners #views #snapseed",
            "comments_disabled":false,
            "__typename":"GraphImage",
            "comments":{
              "count":1
            },
            "date":1482423095,
            "likes":{
              "count":20
            },
            "owner":{
              "id":"1343209533"
            },
            "thumbnail_src":"https://scontent-ams3-1.cdninstagram.com/t51.2885-15/s640x640/sh0.08/e35/c135.0.810.810/15534949_1752010961792352_3809100473554698240_n.jpg?ig_cache_key=MTQxMDk4OTY1MTAxNTMyNjk1NA%3D%3D.2.c",
            "is_video":false,
            "id":"1410989651015326954",
            "display_src":"https://scontent-ams3-1.cdninstagram.com/t51.2885-15/e35/15534949_1752010961792352_3809100473554698240_n.jpg?ig_cache_key=MTQxMDk4OTY1MTAxNTMyNjk1NA%3D%3D.2"
          },
          {
            "code":"BOUieH4BJCH",
            "dimensions":{
              "width":1080,
              "height":1080
            },
            "caption":"Go to the beach they said, it'll be fun they said. You were right I said. #destinationdurban #roadtrips #solotrips #oneman #beachside#beach #sea #durban",
            "comments_disabled":false,
            "__typename":"GraphImage",
            "comments":{
              "count":0
            },
            "date":1482412907,
            "likes":{
              "count":24
            },
            "owner":{
              "id":"1343209533"
            },
            "thumbnail_src":"https://scontent-ams3-1.cdninstagram.com/t51.2885-15/s640x640/sh0.08/e35/15538484_1314596338607224_2259034411217453056_n.jpg",
            "is_video":false,
            "id":"1410904186895503495",
            "display_src":"https://scontent-ams3-1.cdninstagram.com/t51.2885-15/e35/15538484_1314596338607224_2259034411217453056_n.jpg"
          }
        ]
      },
      "blocked_by_viewer":false,
      "is_verified":false,
      "id":"1343209534",
      "is_private":false,
      "external_url":null
    }
  },
  {
    "logging_page_id":"profilePage_1343209533",
    "user":{
      "username":"vergor.r",
      "country_block":false,
      "connected_fb_page":null,
      "follows_viewer":false,
      "follows":{
        "count":98
      },
      "requested_by_viewer":false,
      "followed_by":{
        "count":2074
      },
      "external_url_linkshimmed":null,
      "has_requested_viewer":false,
      "followed_by_viewer":false,
      "has_blocked_viewer":false,
      "profile_pic_url_hd":"https://scontent-ams3-1.cdninstagram.com/t51.2885-19/s320x320/15876613_1354918574529076_1048342212045176832_a.jpg",
      "profile_pic_url":"https://scontent-ams3-1.cdninstagram.com/t51.2885-19/s150x150/16585412_1851145015162117_5330922551780573184_a.jpg",
      "biography":"Slave of Architecture. South African. 23.\nNot a photographer. Newborn in His relentless love.",
      "full_name":"VeronikaGorianska",
      "media":{
        "count":190,
        "page_info":{
          "end_cursor":"AQDk9bqtGEuRkwefx7cgIbU6ccLH-Vt-xhPceudnY_G1FRre6u4qdW526RYvmI6jEMVBngXO8aDG6dmBLcKuqNXqBjG5x4Jnqv6JNJU7HIv32fQc7rPKhc-uTkjikIwWx-A",
          "has_next_page":true
        },
        "nodes":[
          {
            "code":"BQSUExWAgMd",
            "dimensions":{
              "width":1080,
              "height":720
            },
            "caption":"\"The truth does not change according to our ability to stomach it\" - Flannery O'Connor \n#justgoshoot #sunset #SA #quotes #moods #canon #canonsa",
            "comments_disabled":false,
            "__typename":"GraphImage",
            "comments":{
              "count":1
            },
            "date":1486633218,
            "likes":{
              "count":50
            },
            "owner":{
              "id":"1343209535"
            },
            "thumbnail_src":"https://scontent-ams3-1.cdninstagram.com/t51.2885-15/s640x640/sh0.08/e35/c180.0.720.720/16583693_233674137040718_7943479638141960192_n.jpg?ig_cache_key=MTQ0NjMwNjcxOTEzMDA1OTU0OQ%3D%3D.2.c",
            "is_video":false,
            "id":"1446306719130059549",
            "display_src":"https://scontent-ams3-1.cdninstagram.com/t51.2885-15/e35/16583693_233674137040718_7943479638141960192_n.jpg?ig_cache_key=MTQ0NjMwNjcxOTEzMDA1OTU0OQ%3D%3D.2"
          },
          {
            "code":"BQNqY0TAwes",
            "dimensions":{
              "width":1080,
              "height":918
            },
            "caption":"You're surrounded by utter beauty, just remember to look up every once in a while. #nightphotography #moon #canon #canonsa #snapseed #instragramsa #goshoot #nature #s\u00e5",
            "comments_disabled":false,
            "__typename":"GraphImage",
            "comments":{
              "count":2
            },
            "date":1486477144,
            "likes":{
              "count":41
            },
            "owner":{
              "id":"1343209533"
            },
            "thumbnail_src":"https://scontent-ams3-1.cdninstagram.com/t51.2885-15/s640x640/sh0.08/e35/c81.0.918.918/16585204_391208701257464_3381668476467806208_n.jpg?ig_cache_key=MTQ0NDk5NzQ3ODgzMDI0NTgwNA%3D%3D.2.c",
            "is_video":false,
            "id":"1444997478830245804",
            "display_src":"https://scontent-ams3-1.cdninstagram.com/t51.2885-15/e35/16585204_391208701257464_3381668476467806208_n.jpg?ig_cache_key=MTQ0NDk5NzQ3ODgzMDI0NTgwNA%3D%3D.2"
          },
          {
            "code":"BO5ZKGDBc5Q",
            "dimensions":{
              "width":1080,
              "height":720
            },
            "caption":"Nothing quite like living beautifully! #vaalriver #goshoot #traveller #sunsets #adventure #latergram #funtimes",
            "comments_disabled":false,
            "__typename":"GraphImage",
            "comments":{
              "count":3
            },
            "date":1483649538,
            "likes":{
              "count":63
            },
            "owner":{
              "id":"1343209533"
            },
            "thumbnail_src":"https://scontent-ams3-1.cdninstagram.com/t51.2885-15/s640x640/sh0.08/e35/c180.0.720.720/15875679_614171255436847_3308989237453389824_n.jpg?ig_cache_key=MTQyMTI3NzgwMjI2MjgxMDE5Mg%3D%3D.2.c",
            "is_video":false,
            "id":"1421277802262810192",
            "display_src":"https://scontent-ams3-1.cdninstagram.com/t51.2885-15/e35/15875679_614171255436847_3308989237453389824_n.jpg?ig_cache_key=MTQyMTI3NzgwMjI2MjgxMDE5Mg%3D%3D.2"
          },
          {
            "code":"BO5T1OohcWi",
            "dimensions":{
              "width":1080,
              "height":790
            },
            "caption":"Biggest challenges I've had to face last year were to \"Accept\" and \"Survive\", as well as taking everyday, whether it be good or bad, as a form of shaping. It's definitely an emotionally taxing task facing that true form of yourself each day, but what makes it worth it is that fact that it's YOU who get's to do this. #goshoot #latergram #ocean #solo #roadtrip #traveller #acceptance #snapseed",
            "comments_disabled":false,
            "__typename":"GraphImage",
            "comments":{
              "count":0
            },
            "date":1483646746,
            "likes":{
              "count":42
            },
            "owner":{
              "id":"1343209533"
            },
            "thumbnail_src":"https://scontent-ams3-1.cdninstagram.com/t51.2885-15/s640x640/sh0.08/e35/c145.0.790.790/15624265_1025754660886839_454643681513701376_n.jpg?ig_cache_key=MTQyMTI1NDM3ODE0MDMyMTE4Ng%3D%3D.2.c",
            "is_video":false,
            "id":"1421254378140321186",
            "display_src":"https://scontent-ams3-1.cdninstagram.com/t51.2885-15/e35/15624265_1025754660886839_454643681513701376_n.jpg?ig_cache_key=MTQyMTI1NDM3ODE0MDMyMTE4Ng%3D%3D.2"
          },
          {
            "code":"BO5FxHVh2Wy",
            "dimensions":{
              "width":1080,
              "height":720
            },
            "caption":"Sometimes you've just got to stop and take in a breath of your surroundings #latergram #goshoot #canon #naturephotography #nature #snapseed #traveller #roadtrip",
            "comments_disabled":false,
            "__typename":"GraphImage",
            "comments":{
              "count":2
            },
            "date":1483639372,
            "likes":{
              "count":43
            },
            "owner":{
              "id":"1343209533"
            },
            "thumbnail_src":"https://scontent-ams3-1.cdninstagram.com/t51.2885-15/s640x640/sh0.08/e35/c180.0.720.720/15803261_223011644823862_5424682289147674624_n.jpg",
            "is_video":false,
            "id":"1421192522776405426",
            "display_src":"https://scontent-ams3-1.cdninstagram.com/t51.2885-15/e35/15803261_223011644823862_5424682289147674624_n.jpg"
          },
          {
            "code":"BO5EMzwBbLd",
            "dimensions":{
              "width":1080,
              "height":720
            },
            "caption":"You never know what you might find off the beaten track. #goshoot #traveller #roadtrip #snapseed #SA #latergram #nature #naturephotography",
            "comments_disabled":false,
            "__typename":"GraphImage",
            "comments":{
              "count":1
            },
            "date":1483638550,
            "likes":{
              "count":35
            },
            "owner":{
              "id":"1343209533"
            },
            "thumbnail_src":"https://scontent-ams3-1.cdninstagram.com/t51.2885-15/s640x640/sh0.08/e35/c180.0.720.720/15624670_583823028470339_2026711285055356928_n.jpg?ig_cache_key=MTQyMTE4NTYyOTc5ODM4MDI1Mw%3D%3D.2.c",
            "is_video":false,
            "id":"1421185629798380253",
            "display_src":"https://scontent-ams3-1.cdninstagram.com/t51.2885-15/e35/15624670_583823028470339_2026711285055356928_n.jpg?ig_cache_key=MTQyMTE4NTYyOTc5ODM4MDI1Mw%3D%3D.2"
          },
          {
            "code":"BO5D1FHByCT",
            "dimensions":{
              "width":1080,
              "height":720
            },
            "caption":"A little sight I stumbled across whilst roadtripping to Port Shepstone #latergram #snapseed #sunrise #roadtrip #traveller",
            "comments_disabled":false,
            "__typename":"GraphImage",
            "comments":{
              "count":0
            },
            "date":1483638356,
            "likes":{
              "count":32
            },
            "owner":{
              "id":"1343209533"
            },
            "thumbnail_src":"https://scontent-ams3-1.cdninstagram.com/t51.2885-15/s640x640/sh0.08/e35/c180.0.720.720/14583364_131971310635994_4581960803174842368_n.jpg?ig_cache_key=MTQyMTE4Mzk5OTE3MDUxOTE4Nw%3D%3D.2.c",
            "is_video":false,
            "id":"1421183999170519187",
            "display_src":"https://scontent-ams3-1.cdninstagram.com/t51.2885-15/e35/14583364_131971310635994_4581960803174842368_n.jpg?ig_cache_key=MTQyMTE4Mzk5OTE3MDUxOTE4Nw%3D%3D.2"
          },
          {
            "code":"BOfgPREhr8I",
            "dimensions":{
              "width":1080,
              "height":1350
            },
            "caption":"Fire on the beach. Starry night. Happiness. #beaches #fires #solo #beachside #southafrica #happiness #snapseed #travelling",
            "comments_disabled":false,
            "__typename":"GraphImage",
            "comments":{
              "count":2
            },
            "date":1482780835,
            "likes":{
              "count":45
            },
            "owner":{
              "id":"1343209533"
            },
            "thumbnail_src":"https://scontent-ams3-1.cdninstagram.com/t51.2885-15/s640x640/sh0.08/e35/c0.135.1080.1080/15625300_351440928568005_8889001673150693376_n.jpg?ig_cache_key=MTQxMzk5MDU5NDYyNzY4MjA1Ng%3D%3D.2.c",
            "is_video":false,
            "id":"1413990594627682056",
            "display_src":"https://scontent-ams3-1.cdninstagram.com/t51.2885-15/e35/15625300_351440928568005_8889001673150693376_n.jpg?ig_cache_key=MTQxMzk5MDU5NDYyNzY4MjA1Ng%3D%3D.2"
          },
          {
            "code":"BOcvmdIBq7p",
            "dimensions":{
              "width":1080,
              "height":1080
            },
            "caption":"Just another beach photo... #beaches #beachside #traveller #travelling #seaside #snapseed #hdr #spotbackpackers",
            "comments_disabled":false,
            "__typename":"GraphImage",
            "comments":{
              "count":2
            },
            "date":1482688226,
            "likes":{
              "count":41
            },
            "owner":{
              "id":"1343209533"
            },
            "thumbnail_src":"https://scontent-ams3-1.cdninstagram.com/t51.2885-15/s640x640/sh0.08/e35/15538113_1363291437035550_2467806638262714368_n.jpg?ig_cache_key=MTQxMzIxMzczMzg4Njc5OTU5Mw%3D%3D.2",
            "is_video":false,
            "id":"1413213733886799593",
            "display_src":"https://scontent-ams3-1.cdninstagram.com/t51.2885-15/e35/15538113_1363291437035550_2467806638262714368_n.jpg?ig_cache_key=MTQxMzIxMzczMzg4Njc5OTU5Mw%3D%3D.2"
          },
          {
            "code":"BOW-qNUB-qW",
            "dimensions":{
              "width":1080,
              "height":565
            },
            "caption":"So many \"beaches\" around *wink wink* #destinationdurban #beachside #beaches #traveling #roadtrips #somanyhashtags",
            "comments_disabled":false,
            "__typename":"GraphImage",
            "comments":{
              "count":3
            },
            "date":1482494795,
            "likes":{
              "count":34
            },
            "owner":{
              "id":"1343209533"
            },
            "thumbnail_src":"https://scontent-ams3-1.cdninstagram.com/t51.2885-15/e35/c257.0.565.565/15534613_1375273205839733_3518251163784839168_n.jpg?ig_cache_key=MTQxMTU5MTExMjYyMzY0NzM4Mg%3D%3D.2.c",
            "is_video":false,
            "id":"1411591112623647382",
            "display_src":"https://scontent-ams3-1.cdninstagram.com/t51.2885-15/e35/15534613_1375273205839733_3518251163784839168_n.jpg?ig_cache_key=MTQxMTU5MTExMjYyMzY0NzM4Mg%3D%3D.2"
          },
          {
            "code":"BOU15yihVzq",
            "dimensions":{
              "width":1080,
              "height":810
            },
            "caption":"Sundowners? Sure? But where's the sun? #durban #destinationdurban #roadtrips #sundowners #views #snapseed",
            "comments_disabled":false,
            "__typename":"GraphImage",
            "comments":{
              "count":1
            },
            "date":1482423095,
            "likes":{
              "count":20
            },
            "owner":{
              "id":"1343209533"
            },
            "thumbnail_src":"https://scontent-ams3-1.cdninstagram.com/t51.2885-15/s640x640/sh0.08/e35/c135.0.810.810/15534949_1752010961792352_3809100473554698240_n.jpg?ig_cache_key=MTQxMDk4OTY1MTAxNTMyNjk1NA%3D%3D.2.c",
            "is_video":false,
            "id":"1410989651015326954",
            "display_src":"https://scontent-ams3-1.cdninstagram.com/t51.2885-15/e35/15534949_1752010961792352_3809100473554698240_n.jpg?ig_cache_key=MTQxMDk4OTY1MTAxNTMyNjk1NA%3D%3D.2"
          },
          {
            "code":"BOUieH4BJCH",
            "dimensions":{
              "width":1080,
              "height":1080
            },
            "caption":"Go to the beach they said, it'll be fun they said. You were right I said. #destinationdurban #roadtrips #solotrips #oneman #beachside#beach #sea #durban",
            "comments_disabled":false,
            "__typename":"GraphImage",
            "comments":{
              "count":0
            },
            "date":1482412907,
            "likes":{
              "count":24
            },
            "owner":{
              "id":"1343209533"
            },
            "thumbnail_src":"https://scontent-ams3-1.cdninstagram.com/t51.2885-15/s640x640/sh0.08/e35/15538484_1314596338607224_2259034411217453056_n.jpg",
            "is_video":false,
            "id":"1410904186895503495",
            "display_src":"https://scontent-ams3-1.cdninstagram.com/t51.2885-15/e35/15538484_1314596338607224_2259034411217453056_n.jpg"
          }
        ]
      },
      "blocked_by_viewer":false,
      "is_verified":false,
      "id":"1343209535",
      "is_private":false,
      "external_url":null
    }
  },
  {
    "logging_page_id":"profilePage_1343209533",
    "user":{
      "username":"kancirogen83",
      "country_block":false,
      "connected_fb_page":null,
      "follows_viewer":false,
      "follows":{
        "count":987
      },
      "requested_by_viewer":false,
      "followed_by":{
        "count":474
      },
      "external_url_linkshimmed":null,
      "has_requested_viewer":false,
      "followed_by_viewer":false,
      "has_blocked_viewer":false,
      "profile_pic_url_hd":"https://scontent-ams3-1.cdninstagram.com/t51.2885-19/s320x320/15876613_1354918574529076_1048342212045176832_a.jpg",
      "profile_pic_url":"https://scontent-ams3-1.cdninstagram.com/t51.2885-19/s150x150/15876613_1354918574529076_1048342212045176832_a.jpg",
      "biography":"Slave of Architecture. South African. 23.\nNot a photographer. Newborn in His relentless love.",
      "full_name":"Marko Vorster",
      "media":{
        "count":190,
        "page_info":{
          "end_cursor":"AQDk9bqtGEuRkwefx7cgIbU6ccLH-Vt-xhPceudnY_G1FRre6u4qdW526RYvmI6jEMVBngXO8aDG6dmBLcKuqNXqBjG5x4Jnqv6JNJU7HIv32fQc7rPKhc-uTkjikIwWx-A",
          "has_next_page":true
        },
        "nodes":[
          {
            "code":"BQSUExWAgMd",
            "dimensions":{
              "width":1080,
              "height":720
            },
            "caption":"\"The truth does not change according to our ability to stomach it\" - Flannery O'Connor \n#justgoshoot #sunset #SA #quotes #moods #canon #canonsa",
            "comments_disabled":false,
            "__typename":"GraphImage",
            "comments":{
              "count":1
            },
            "date":1486633218,
            "likes":{
              "count":50
            },
            "owner":{
              "id":"1343209536"
            },
            "thumbnail_src":"https://scontent-ams3-1.cdninstagram.com/t51.2885-15/s640x640/sh0.08/e35/c180.0.720.720/16583693_233674137040718_7943479638141960192_n.jpg?ig_cache_key=MTQ0NjMwNjcxOTEzMDA1OTU0OQ%3D%3D.2.c",
            "is_video":false,
            "id":"1446306719130059549",
            "display_src":"https://scontent-ams3-1.cdninstagram.com/t51.2885-15/e35/16583693_233674137040718_7943479638141960192_n.jpg?ig_cache_key=MTQ0NjMwNjcxOTEzMDA1OTU0OQ%3D%3D.2"
          },
          {
            "code":"BQNqY0TAwes",
            "dimensions":{
              "width":1080,
              "height":918
            },
            "caption":"You're surrounded by utter beauty, just remember to look up every once in a while. #nightphotography #moon #canon #canonsa #snapseed #instragramsa #goshoot #nature #s\u00e5",
            "comments_disabled":false,
            "__typename":"GraphImage",
            "comments":{
              "count":2
            },
            "date":1486477144,
            "likes":{
              "count":41
            },
            "owner":{
              "id":"1343209533"
            },
            "thumbnail_src":"https://scontent-ams3-1.cdninstagram.com/t51.2885-15/s640x640/sh0.08/e35/c81.0.918.918/16585204_391208701257464_3381668476467806208_n.jpg?ig_cache_key=MTQ0NDk5NzQ3ODgzMDI0NTgwNA%3D%3D.2.c",
            "is_video":false,
            "id":"1444997478830245804",
            "display_src":"https://scontent-ams3-1.cdninstagram.com/t51.2885-15/e35/16585204_391208701257464_3381668476467806208_n.jpg?ig_cache_key=MTQ0NDk5NzQ3ODgzMDI0NTgwNA%3D%3D.2"
          },
          {
            "code":"BO5ZKGDBc5Q",
            "dimensions":{
              "width":1080,
              "height":720
            },
            "caption":"Nothing quite like living beautifully! #vaalriver #goshoot #traveller #sunsets #adventure #latergram #funtimes",
            "comments_disabled":false,
            "__typename":"GraphImage",
            "comments":{
              "count":3
            },
            "date":1483649538,
            "likes":{
              "count":63
            },
            "owner":{
              "id":"1343209533"
            },
            "thumbnail_src":"https://scontent-ams3-1.cdninstagram.com/t51.2885-15/s640x640/sh0.08/e35/c180.0.720.720/15875679_614171255436847_3308989237453389824_n.jpg?ig_cache_key=MTQyMTI3NzgwMjI2MjgxMDE5Mg%3D%3D.2.c",
            "is_video":false,
            "id":"1421277802262810192",
            "display_src":"https://scontent-ams3-1.cdninstagram.com/t51.2885-15/e35/15875679_614171255436847_3308989237453389824_n.jpg?ig_cache_key=MTQyMTI3NzgwMjI2MjgxMDE5Mg%3D%3D.2"
          },
          {
            "code":"BO5T1OohcWi",
            "dimensions":{
              "width":1080,
              "height":790
            },
            "caption":"Biggest challenges I've had to face last year were to \"Accept\" and \"Survive\", as well as taking everyday, whether it be good or bad, as a form of shaping. It's definitely an emotionally taxing task facing that true form of yourself each day, but what makes it worth it is that fact that it's YOU who get's to do this. #goshoot #latergram #ocean #solo #roadtrip #traveller #acceptance #snapseed",
            "comments_disabled":false,
            "__typename":"GraphImage",
            "comments":{
              "count":0
            },
            "date":1483646746,
            "likes":{
              "count":42
            },
            "owner":{
              "id":"1343209533"
            },
            "thumbnail_src":"https://scontent-ams3-1.cdninstagram.com/t51.2885-15/s640x640/sh0.08/e35/c145.0.790.790/15624265_1025754660886839_454643681513701376_n.jpg?ig_cache_key=MTQyMTI1NDM3ODE0MDMyMTE4Ng%3D%3D.2.c",
            "is_video":false,
            "id":"1421254378140321186",
            "display_src":"https://scontent-ams3-1.cdninstagram.com/t51.2885-15/e35/15624265_1025754660886839_454643681513701376_n.jpg?ig_cache_key=MTQyMTI1NDM3ODE0MDMyMTE4Ng%3D%3D.2"
          },
          {
            "code":"BO5FxHVh2Wy",
            "dimensions":{
              "width":1080,
              "height":720
            },
            "caption":"Sometimes you've just got to stop and take in a breath of your surroundings #latergram #goshoot #canon #naturephotography #nature #snapseed #traveller #roadtrip",
            "comments_disabled":false,
            "__typename":"GraphImage",
            "comments":{
              "count":2
            },
            "date":1483639372,
            "likes":{
              "count":43
            },
            "owner":{
              "id":"1343209533"
            },
            "thumbnail_src":"https://scontent-ams3-1.cdninstagram.com/t51.2885-15/s640x640/sh0.08/e35/c180.0.720.720/15803261_223011644823862_5424682289147674624_n.jpg",
            "is_video":false,
            "id":"1421192522776405426",
            "display_src":"https://scontent-ams3-1.cdninstagram.com/t51.2885-15/e35/15803261_223011644823862_5424682289147674624_n.jpg"
          },
          {
            "code":"BO5EMzwBbLd",
            "dimensions":{
              "width":1080,
              "height":720
            },
            "caption":"You never know what you might find off the beaten track. #goshoot #traveller #roadtrip #snapseed #SA #latergram #nature #naturephotography",
            "comments_disabled":false,
            "__typename":"GraphImage",
            "comments":{
              "count":1
            },
            "date":1483638550,
            "likes":{
              "count":35
            },
            "owner":{
              "id":"1343209533"
            },
            "thumbnail_src":"https://scontent-ams3-1.cdninstagram.com/t51.2885-15/s640x640/sh0.08/e35/c180.0.720.720/15624670_583823028470339_2026711285055356928_n.jpg?ig_cache_key=MTQyMTE4NTYyOTc5ODM4MDI1Mw%3D%3D.2.c",
            "is_video":false,
            "id":"1421185629798380253",
            "display_src":"https://scontent-ams3-1.cdninstagram.com/t51.2885-15/e35/15624670_583823028470339_2026711285055356928_n.jpg?ig_cache_key=MTQyMTE4NTYyOTc5ODM4MDI1Mw%3D%3D.2"
          },
          {
            "code":"BO5D1FHByCT",
            "dimensions":{
              "width":1080,
              "height":720
            },
            "caption":"A little sight I stumbled across whilst roadtripping to Port Shepstone #latergram #snapseed #sunrise #roadtrip #traveller",
            "comments_disabled":false,
            "__typename":"GraphImage",
            "comments":{
              "count":0
            },
            "date":1483638356,
            "likes":{
              "count":32
            },
            "owner":{
              "id":"1343209533"
            },
            "thumbnail_src":"https://scontent-ams3-1.cdninstagram.com/t51.2885-15/s640x640/sh0.08/e35/c180.0.720.720/14583364_131971310635994_4581960803174842368_n.jpg?ig_cache_key=MTQyMTE4Mzk5OTE3MDUxOTE4Nw%3D%3D.2.c",
            "is_video":false,
            "id":"1421183999170519187",
            "display_src":"https://scontent-ams3-1.cdninstagram.com/t51.2885-15/e35/14583364_131971310635994_4581960803174842368_n.jpg?ig_cache_key=MTQyMTE4Mzk5OTE3MDUxOTE4Nw%3D%3D.2"
          },
          {
            "code":"BOfgPREhr8I",
            "dimensions":{
              "width":1080,
              "height":1350
            },
            "caption":"Fire on the beach. Starry night. Happiness. #beaches #fires #solo #beachside #southafrica #happiness #snapseed #travelling",
            "comments_disabled":false,
            "__typename":"GraphImage",
            "comments":{
              "count":2
            },
            "date":1482780835,
            "likes":{
              "count":45
            },
            "owner":{
              "id":"1343209533"
            },
            "thumbnail_src":"https://scontent-ams3-1.cdninstagram.com/t51.2885-15/s640x640/sh0.08/e35/c0.135.1080.1080/15625300_351440928568005_8889001673150693376_n.jpg?ig_cache_key=MTQxMzk5MDU5NDYyNzY4MjA1Ng%3D%3D.2.c",
            "is_video":false,
            "id":"1413990594627682056",
            "display_src":"https://scontent-ams3-1.cdninstagram.com/t51.2885-15/e35/15625300_351440928568005_8889001673150693376_n.jpg?ig_cache_key=MTQxMzk5MDU5NDYyNzY4MjA1Ng%3D%3D.2"
          },
          {
            "code":"BOcvmdIBq7p",
            "dimensions":{
              "width":1080,
              "height":1080
            },
            "caption":"Just another beach photo... #beaches #beachside #traveller #travelling #seaside #snapseed #hdr #spotbackpackers",
            "comments_disabled":false,
            "__typename":"GraphImage",
            "comments":{
              "count":2
            },
            "date":1482688226,
            "likes":{
              "count":41
            },
            "owner":{
              "id":"1343209533"
            },
            "thumbnail_src":"https://scontent-ams3-1.cdninstagram.com/t51.2885-15/s640x640/sh0.08/e35/15538113_1363291437035550_2467806638262714368_n.jpg?ig_cache_key=MTQxMzIxMzczMzg4Njc5OTU5Mw%3D%3D.2",
            "is_video":false,
            "id":"1413213733886799593",
            "display_src":"https://scontent-ams3-1.cdninstagram.com/t51.2885-15/e35/15538113_1363291437035550_2467806638262714368_n.jpg?ig_cache_key=MTQxMzIxMzczMzg4Njc5OTU5Mw%3D%3D.2"
          },
          {
            "code":"BOW-qNUB-qW",
            "dimensions":{
              "width":1080,
              "height":565
            },
            "caption":"So many \"beaches\" around *wink wink* #destinationdurban #beachside #beaches #traveling #roadtrips #somanyhashtags",
            "comments_disabled":false,
            "__typename":"GraphImage",
            "comments":{
              "count":3
            },
            "date":1482494795,
            "likes":{
              "count":34
            },
            "owner":{
              "id":"1343209533"
            },
            "thumbnail_src":"https://scontent-ams3-1.cdninstagram.com/t51.2885-15/e35/c257.0.565.565/15534613_1375273205839733_3518251163784839168_n.jpg?ig_cache_key=MTQxMTU5MTExMjYyMzY0NzM4Mg%3D%3D.2.c",
            "is_video":false,
            "id":"1411591112623647382",
            "display_src":"https://scontent-ams3-1.cdninstagram.com/t51.2885-15/e35/15534613_1375273205839733_3518251163784839168_n.jpg?ig_cache_key=MTQxMTU5MTExMjYyMzY0NzM4Mg%3D%3D.2"
          },
          {
            "code":"BOU15yihVzq",
            "dimensions":{
              "width":1080,
              "height":810
            },
            "caption":"Sundowners? Sure? But where's the sun? #durban #destinationdurban #roadtrips #sundowners #views #snapseed",
            "comments_disabled":false,
            "__typename":"GraphImage",
            "comments":{
              "count":1
            },
            "date":1482423095,
            "likes":{
              "count":20
            },
            "owner":{
              "id":"1343209533"
            },
            "thumbnail_src":"https://scontent-ams3-1.cdninstagram.com/t51.2885-15/s640x640/sh0.08/e35/c135.0.810.810/15534949_1752010961792352_3809100473554698240_n.jpg?ig_cache_key=MTQxMDk4OTY1MTAxNTMyNjk1NA%3D%3D.2.c",
            "is_video":false,
            "id":"1410989651015326954",
            "display_src":"https://scontent-ams3-1.cdninstagram.com/t51.2885-15/e35/15534949_1752010961792352_3809100473554698240_n.jpg?ig_cache_key=MTQxMDk4OTY1MTAxNTMyNjk1NA%3D%3D.2"
          },
          {
            "code":"BOUieH4BJCH",
            "dimensions":{
              "width":1080,
              "height":1080
            },
            "caption":"Go to the beach they said, it'll be fun they said. You were right I said. #destinationdurban #roadtrips #solotrips #oneman #beachside#beach #sea #durban",
            "comments_disabled":false,
            "__typename":"GraphImage",
            "comments":{
              "count":0
            },
            "date":1482412907,
            "likes":{
              "count":24
            },
            "owner":{
              "id":"1343209533"
            },
            "thumbnail_src":"https://scontent-ams3-1.cdninstagram.com/t51.2885-15/s640x640/sh0.08/e35/15538484_1314596338607224_2259034411217453056_n.jpg",
            "is_video":false,
            "id":"1410904186895503495",
            "display_src":"https://scontent-ams3-1.cdninstagram.com/t51.2885-15/e35/15538484_1314596338607224_2259034411217453056_n.jpg"
          }
        ]
      },
      "blocked_by_viewer":false,
      "is_verified":false,
      "id":"1343209536",
      "is_private":false,
      "external_url":null
    }
  }
]